{
  "clean_acc": 99.5882797241211,
  "bd_acc": 99.22406768798828,
  "cross_acc": 99.19239807128906
}