{
  "clean_acc": 99.34283447265625,
  "bd_acc": 99.74663543701172,
  "cross_acc": 99.02613067626953
}