{
  "dataset": "cifar10",
  "s": 0.5,
  "k": 4,
  "n_samples": 100,
  "psnr_mean": 48.526327416673396,
  "psnr_std": 2.6287569796411923,
  "psnr_min": 43.28553356902998,
  "psnr_median": 48.34313189011182,
  "ssim_mean": 0.9888975761363464,
  "ssim_std": 0.0043745911519789335,
  "ssim_min": 0.9776167107874613
}