{
  "clean_acc": 94.36000061035156,
  "bd_acc": 93.5199966430664,
  "cross_acc": 92.61000061035156
}