{
  "clean_acc": 99.44999694824219,
  "bd_acc": 99.15999603271484,
  "cross_acc": 99.18999481201172
}