{
  "clean_acc": 99.5,
  "bd_acc": 99.97999572753906,
  "cross_acc": 99.18000030517578
}