{
  "detection_accuracy": 0.6733333333333333,
  "roc_auc": 0.735111111111111,
  "n_samples": 500,
  "fpr": [
    0.0,
    0.0,
    0.0,
    0.006666666666666667,
    0.006666666666666667,
    0.013333333333333334,
    0.013333333333333334,
    0.02,
    0.02,
    0.02666666666666667,
    0.02666666666666667,
    0.03333333333333333,
    0.03333333333333333,
    0.04,
    0.04,
    0.05333333333333334,
    0.05333333333333334,
    0.06,
    0.06,
    0.06666666666666667,
    0.06666666666666667,
    0.07333333333333333,
    0.07333333333333333,
    0.08666666666666667,
    0.08666666666666667,
    0.09333333333333334,
    0.09333333333333334,
    0.10666666666666667,
    0.10666666666666667,
    0.11333333333333333,
    0.11333333333333333,
    0.12,
    0.12,
    0.12666666666666668,
    0.12666666666666668,
    0.13333333333333333,
    0.13333333333333333,
    0.14,
    0.14,
    0.14666666666666667,
    0.14666666666666667,
    0.15333333333333332,
    0.15333333333333332,
    0.16666666666666666,
    0.16666666666666666,
    0.17333333333333334,
    0.17333333333333334,
    0.18,
    0.18,
    0.18666666666666668,
    0.18666666666666668,
    0.19333333333333333,
    0.19333333333333333,
    0.2,
    0.2,
    0.21333333333333335,
    0.21333333333333335,
    0.22,
    0.22,
    0.22666666666666666,
    0.22666666666666666,
    0.24,
    0.24,
    0.25333333333333335,
    0.25333333333333335,
    0.26,
    0.26,
    0.26666666666666666,
    0.26666666666666666,
    0.2733333333333333,
    0.2733333333333333,
    0.3,
    0.3,
    0.32,
    0.32,
    0.3333333333333333,
    0.3333333333333333,
    0.36,
    0.36,
    0.36666666666666664,
    0.36666666666666664,
    0.37333333333333335,
    0.37333333333333335,
    0.38666666666666666,
    0.4,
    0.4,
    0.4066666666666667,
    0.4066666666666667,
    0.41333333333333333,
    0.41333333333333333,
    0.43333333333333335,
    0.43333333333333335,
    0.44666666666666666,
    0.44666666666666666,
    0.46,
    0.46,
    0.4666666666666667,
    0.4666666666666667,
    0.5,
    0.5,
    0.5066666666666667,
    0.5066666666666667,
    0.5266666666666666,
    0.5266666666666666,
    0.54,
    0.54,
    0.5666666666666667,
    0.5666666666666667,
    0.5733333333333334,
    0.5733333333333334,
    0.6133333333333333,
    0.6133333333333333,
    0.6466666666666666,
    0.6466666666666666,
    0.66,
    0.66,
    0.7066666666666667,
    0.7066666666666667,
    0.7133333333333334,
    0.7133333333333334,
    0.72,
    0.72,
    0.7466666666666667,
    0.7466666666666667,
    0.7733333333333333,
    0.7733333333333333,
    0.8333333333333334,
    0.8333333333333334,
    0.86,
    0.86,
    0.88,
    0.88,
    0.9466666666666667,
    0.9466666666666667,
    0.9533333333333334,
    0.9533333333333334,
    0.9666666666666667,
    0.9666666666666667,
    0.98,
    0.98,
    1.0
  ],
  "tpr": [
    0.0,
    0.006666666666666667,
    0.013333333333333334,
    0.013333333333333334,
    0.04666666666666667,
    0.04666666666666667,
    0.07333333333333333,
    0.07333333333333333,
    0.1,
    0.1,
    0.14,
    0.14,
    0.15333333333333332,
    0.15333333333333332,
    0.16666666666666666,
    0.16666666666666666,
    0.19333333333333333,
    0.19333333333333333,
    0.2,
    0.2,
    0.23333333333333334,
    0.23333333333333334,
    0.26666666666666666,
    0.26666666666666666,
    0.2733333333333333,
    0.2733333333333333,
    0.29333333333333333,
    0.29333333333333333,
    0.32,
    0.32,
    0.34,
    0.34,
    0.36,
    0.36,
    0.38,
    0.38,
    0.41333333333333333,
    0.41333333333333333,
    0.44,
    0.44,
    0.46,
    0.46,
    0.47333333333333333,
    0.47333333333333333,
    0.48,
    0.48,
    0.4866666666666667,
    0.4866666666666667,
    0.49333333333333335,
    0.49333333333333335,
    0.5,
    0.5,
    0.5266666666666666,
    0.5266666666666666,
    0.54,
    0.54,
    0.5466666666666666,
    0.5466666666666666,
    0.5533333333333333,
    0.5533333333333333,
    0.5666666666666667,
    0.5666666666666667,
    0.58,
    0.58,
    0.6066666666666667,
    0.6066666666666667,
    0.6666666666666666,
    0.6666666666666666,
    0.6733333333333333,
    0.6733333333333333,
    0.6866666666666666,
    0.6866666666666666,
    0.6933333333333334,
    0.6933333333333334,
    0.7,
    0.7,
    0.7066666666666667,
    0.7066666666666667,
    0.7133333333333334,
    0.7133333333333334,
    0.72,
    0.72,
    0.7333333333333333,
    0.7333333333333333,
    0.7333333333333333,
    0.76,
    0.76,
    0.7866666666666666,
    0.7866666666666666,
    0.7933333333333333,
    0.7933333333333333,
    0.8,
    0.8,
    0.8066666666666666,
    0.8066666666666666,
    0.8133333333333334,
    0.8133333333333334,
    0.82,
    0.82,
    0.8266666666666667,
    0.8266666666666667,
    0.8333333333333334,
    0.8333333333333334,
    0.86,
    0.86,
    0.8666666666666667,
    0.8666666666666667,
    0.8733333333333333,
    0.8733333333333333,
    0.88,
    0.88,
    0.8866666666666667,
    0.8866666666666667,
    0.8933333333333333,
    0.8933333333333333,
    0.9,
    0.9,
    0.92,
    0.92,
    0.9266666666666666,
    0.9266666666666666,
    0.9333333333333333,
    0.9333333333333333,
    0.94,
    0.94,
    0.9466666666666667,
    0.9466666666666667,
    0.9533333333333334,
    0.9533333333333334,
    0.96,
    0.96,
    0.9666666666666667,
    0.9666666666666667,
    0.98,
    0.98,
    0.9866666666666667,
    0.9866666666666667,
    0.9933333333333333,
    0.9933333333333333,
    1.0,
    1.0
  ],