{
  "clean_acc": 94.5199966430664,
  "bd_acc": 99.3699951171875,
  "cross_acc": 92.48999786376953
}