{
  "clean_acc": 92.81999969482422,
  "bd_acc": 98.29000091552734,
  "cross_acc": 89.29999542236328
}