{
  "clean_acc": 92.73999786376953,
  "bd_acc": 98.20999908447266,
  "cross_acc": 0
}