{
  "clean_acc": 92.83999633789062,
  "bd_acc": 99.14999389648438,
  "cross_acc": 89.70999908447266
}