{
  "clean_acc": 92.13999938964844,
  "bd_acc": 92.81999969482422,
  "cross_acc": 88.94999694824219
}