{
  "clean_acc": 91.93999481201172,
  "bd_acc": 97.54999542236328,
  "cross_acc": 88.04000091552734
}