{
  "clean_acc": 92.38999938964844,
  "bd_acc": 74.1199951171875,
  "cross_acc": 89.37999725341797
}