{
  "clean_acc": 92.80999755859375,
  "bd_acc": 99.58999633789062,
  "cross_acc": 89.68999481201172
}