{
  "clean_acc": 92.0999984741211,
  "bd_acc": 98.69999694824219,
  "cross_acc": 88.72000122070312
}